"type","value","source"
"hash_sha256","12FCDE06DDADF1B48A61B12596E6286316FD33E850687FE4153DFD9383F0A4A0","public"
"hash_sha256","4190491B9006404CAB256D66125BD77B1C3A0E63451FBB3D829617D7E87ACC9B","public"
"hash_sha256","620F6949B82F9EF987B7511FBBB09C2DA57D8BE47B019FA6A9686CE08B4C3E70","public"
"hash_sha256","7787DA25451F5538766240F4A8A2846D0A589C59391E15F188AA077E8B888497","public"
"hash_sha256","8340FF8920412A70F0C29CDF72F6F218E61142B3F210E70E24811C413971A8ED","public"
"hash_sha256","85758DF12964024AF3AE829E3630F9AD5DE7C55DAE00181198033DA8816E3293","public"
"hash_sha256","87F11A3EE2486BC4845A28465C2E70D2D9F98725EDF4A73C3359C23A43ED74B7","public"
"hash_sha256","8CE9145FEE0D3D2444554D901B334C36E71BB1346280ADA7FF366CF9D25C5938","public"
"hash_sha256","9C683B0BE86D4CD274A7A16073BDF092218F259B055A72F848D589574E9B8084","public"
"hash_sha256","B53D4781BBADB17014DA280E274E11F2DE9063A35F2EABD32D4596707B147306","public"
"hash_sha256","BD1F381E5A3DB22E88776B7873D4D2835E9A1EC620571D2B1DA0C58F81C84A56","public"
"hash_sha256","CB4A3665EBD12BDB094B9FC188793C67EC3008363A49B1DDE00D488B54DF984B","public"
"hash_sha256","D8018E31B77B135ED300A988757F409347D013B76F9C9A4972E48CB715F45967","public"
"hash_sha256","DE5FB68023465CB5D8ACE412E11032D98A41BD6AF2A83245C046020530130496","public"
"hash_sha256","DFD830368724F6ABCC542BC8B85E3D5FA2AEDF8282D3805D0D6D53F45C7E0937","public"
"hash_sha256","F39B67FFF1F106FB1B4FA9BEB386427C8E7EB010F306AD0445DA70BFFC855F2E","public"
"domain","adobe-8dt.ishaan-zvi-dropmeon-com-s-account.workers.dev","public"
"domain","authdocspro.com","public"
"domain","backdoor-hub.com","public"
"domain","bumpgames.net","public"
"domain","carbatterygurgaon.com","public"
"domain","careldutoit-el.co.za","public"
"domain","conn.elbbird.zip","public"
"domain","conn.f12screenshot.xyz","public"
"domain","conn.masjesu.zip","public"
"domain","dao.com.au","public"
"domain","docusend.networkssolutionmail.com","public"
"domain","eqfit.co.za","public"
"domain","eventcalender-schedule.com","public"
"domain","evobothub.org","public"
"domain","framebound.cloud","public"
"domain","gpbtpz.rodeo","public"
"domain","infinitechai.org","public"
"domain","internalmemorecord.bxwancheng.com","public"
"domain","macmamo.com","public"
"domain","mirsanotolastik.com","public"
"domain","mirzanyapi.com","public"
"domain","newmobilepolojean.com","public"
"domain","notificationsmanagersec.com","public"
"domain","onedrive-7fp.davarius-thackery-dropmeon-com-s-account.workers.dev","public"
"domain","onedrive-au8.hayixa9795-pazard-com-s-account.workers.dev","public"
"domain","page-custommmvx6290-9kb.snpfs90-outlook-com-s-account.workers.dev","public"
"domain","page-voicemail-3i6.ucbqzm9-ucl-ac-uk-s-account.workers.dev","public"
"domain","pelangiservice.com","public"
"domain","prcservis.com","public"
"domain","promanager.outboundciwidey.com","public"
"domain","satanshop.net","public"
"domain","serenitygovsupplys.com","public"
"domain","sharepoint-uo2.angela-warrconstructioninc-onmicrosoft-com-s-account.workers.dev","public"
"domain","signaturerequired.thecoolcactus.com","public"
"domain","starlight.fans","public"
"domain","suctwocesonesstory.com","public"
"domain","thesafarigarden.com","public"
"domain","topbuysella.com","public"
"domain","totalhomesafe.com","public"
"domain","update.youcreadio.cfd","public"
"domain","well.atlantaperlnatal.com","public"
"domain","xlkconsulting.co.za","public"
"domain","yankeepine.co","public"
"domain","youremplregroup.com","public"
"hash_md5","22E32BCF113326E366AC480B077067CF","public"
"hash_md5","248A4D7D4C48478DCBEADE8F7DBA80B3","public"
"hash_md5","9B435AD985B733B64A6D5F39080F4AE0","public"
"ip","158.94.208.122","public"
"ip","178.16.54.252","public"
"ip","43.134.90.60","public"
